Workbook

Sheet README
A1: Casino Compliance - QA Manual Test Case Test Pack
A3: Purpose | B3: Provide reusable sample manual test cases across casino platform qa / compliance & responsible gaming workflows in a simulated casino platform, including core positive, negative, integration, and end-to-end flows.
A4: How to use | B4: Open each module sheet and update the Status and Notes columns during execution. Summary KPIs and module counts refresh automatically.
A5: Important note | B5: These are sample QA scenarios for portfolio use and should be tailored to the exact casino platform build, jurisdiction rules, payment integrations, and enabled responsible-gaming controls in the target environment.
A6: Default status | B6: Not Run
A7: Default priority | B7: High
A8: Primary domain | B8: Casino Platform QA - Compliance & Responsible Gaming
A9: Demo credentials | B9: Simulated Player: player01 / Demo123! | Simulated Admin: qa_admin / Admin123!
A11: Source Name | B11: Path / URL | C11: Use in this workbook
A12: Portfolio README | B12: ../README.md | C12: Overview and scope for this simulated casino QA portfolio
A13: Test Strategy | B13: ../test-strategy/test-approach.md | C13: Risk-based test approach and execution guidance
A14: Postman Collection | B14: ../api-tests/postman-collections/casino-platform-qa.postman_collection.json | C14: API request examples aligned to these scenarios
A15: Sample Requests | B15: ../api-tests/sample-requests.json | C15: Sample payloads aligned to wallet, betting, and compliance flows

Sheet Summary
A1: Casino Compliance - QA Manual Test Case Tracker
A3: Manual QA test suite for casino compliance, KYC, responsible gaming, self-exclusion, and audit workflows using the same multi-tab execution-tracker structure as the user's prior OpenMRS-style portfolio trackers.
A5: Workbook Controls
A6: Default Status | B6: Not Run
A7: Default Priority | B7: High
A8: Portfolio Owner | B8: Ramon Tan Jr.
A9: Primary Domain | B9: Casino Platform QA - Compliance & Responsible Gaming
A11: Module Coverage
A12: Module | B12: Sheet Name | C12: Total Cases | D12: High Priority | E12: Negative Cases | F12: Automation Candidates
A13: KYC & Account Verification | B13: 10_KYC_Account_Verification | C13: =COUNTA('10_KYC_Account_Verification'!A:A)-2 -> 5 | D13: =COUNTIF('10_KYC_Account_Verification'!H:H,"Critical")+COUNTIF('10_KYC_Account_Verification'!H:H,"High") -> 5 | E13: =COUNTIF('10_KYC_Account_Verification'!I:I,"Negative") -> 1 | F13: =COUNTIF('10_KYC_Account_Verification'!J:J,"Yes") -> 0
A14: Responsible Gaming Limits | B14: 20_Responsible_Gaming_Limits | C14: =COUNTA('20_Responsible_Gaming_Limits'!A:A)-2 -> 6 | D14: =COUNTIF('20_Responsible_Gaming_Limits'!H:H,"Critical")+COUNTIF('20_Responsible_Gaming_Limits'!H:H,"High") -> 5 | E14: =COUNTIF('20_Responsible_Gaming_Limits'!I:I,"Negative") -> 2 | F14: =COUNTIF('20_Responsible_Gaming_Limits'!J:J,"Yes") -> 0
A15: Self-Exclusion & Timeouts | B15: 30_Self_Exclusion_Timeouts | C15: =COUNTA('30_Self_Exclusion_Timeouts'!A:A)-2 -> 5 | D15: =COUNTIF('30_Self_Exclusion_Timeouts'!H:H,"Critical")+COUNTIF('30_Self_Exclusion_Timeouts'!H:H,"High") -> 5 | E15: =COUNTIF('30_Self_Exclusion_Timeouts'!I:I,"Negative") -> 1 | F15: =COUNTIF('30_Self_Exclusion_Timeouts'!J:J,"Yes") -> 0
A16: Audit Logging & Reporting | B16: 40_Audit_Logging_Reporting | C16: =COUNTA('40_Audit_Logging_Reporting'!A:A)-2 -> 5 | D16: =COUNTIF('40_Audit_Logging_Reporting'!H:H,"Critical")+COUNTIF('40_Audit_Logging_Reporting'!H:H,"High") -> 5 | E16: =COUNTIF('40_Audit_Logging_Reporting'!I:I,"Negative") -> 1 | F16: =COUNTIF('40_Audit_Logging_Reporting'!J:J,"Yes") -> 1
A17: Fraud Alerts & Access Control | B17: 50_Fraud_Access_Control | C17: =COUNTA('50_Fraud_Access_Control'!A:A)-2 -> 5 | D17: =COUNTIF('50_Fraud_Access_Control'!H:H,"Critical")+COUNTIF('50_Fraud_Access_Control'!H:H,"High") -> 5 | E17: =COUNTIF('50_Fraud_Access_Control'!I:I,"Negative") -> 1 | F17: =COUNTIF('50_Fraud_Access_Control'!J:J,"Yes") -> 1
A18: Compliance End-to-End | B18: 60_Compliance_E2E | C18: =COUNTA('60_Compliance_E2E'!A:A)-2 -> 4 | D18: =COUNTIF('60_Compliance_E2E'!H:H,"Critical")+COUNTIF('60_Compliance_E2E'!H:H,"High") -> 4 | E18: =COUNTIF('60_Compliance_E2E'!I:I,"Negative") -> 0 | F18: =COUNTIF('60_Compliance_E2E'!J:J,"Yes") -> 0
A19: Total | C19: =SUM(C13:C18) -> 30 | D19: =SUM(D13:D18) -> 29 | E19: =SUM(E13:E18) -> 6 | F19: =SUM(F13:F18) -> 2
A22: Execution Status
A23: Status | B23: Count | D23: Metric | E23: Value
A24: Not Run | B24: =COUNTIF('10_KYC_Account_Verification'!K:K,"Not Run")+COUNTIF('20_Responsible_Gaming_Limits'!K:K,"Not Run")+COUNTIF('30_Self_Exclusion_Timeouts'!K:K,"Not Run")+COUNTIF('40_Audit_Logging_Reporting'!K:K,"Not Run")+COUNTIF('50_Fraud_Access_Control'!K:K,"Not Run")+COUNTIF('60_Compliance_E2E'!K:K,"Not Run") -> 30 | D24: Total Test Cases | E24: =C19 -> 30
A25: Pass | B25: =COUNTIF('10_KYC_Account_Verification'!K:K,"Pass")+COUNTIF('20_Responsible_Gaming_Limits'!K:K,"Pass")+COUNTIF('30_Self_Exclusion_Timeouts'!K:K,"Pass")+COUNTIF('40_Audit_Logging_Reporting'!K:K,"Pass")+COUNTIF('50_Fraud_Access_Control'!K:K,"Pass")+COUNTIF('60_Compliance_E2E'!K:K,"Pass") -> 0 | D25: Executed Cases | E25: =SUM(B25:B27) -> 0
A26: Fail | B26: =COUNTIF('10_KYC_Account_Verification'!K:K,"Fail")+COUNTIF('20_Responsible_Gaming_Limits'!K:K,"Fail")+COUNTIF('30_Self_Exclusion_Timeouts'!K:K,"Fail")+COUNTIF('40_Audit_Logging_Reporting'!K:K,"Fail")+COUNTIF('50_Fraud_Access_Control'!K:K,"Fail")+COUNTIF('60_Compliance_E2E'!K:K,"Fail") -> 0 | D26: Execution % | E26: =IFERROR(E25/E24,0) -> 0
A27: Blocked | B27: =COUNTIF('10_KYC_Account_Verification'!K:K,"Blocked")+COUNTIF('20_Responsible_Gaming_Limits'!K:K,"Blocked")+COUNTIF('30_Self_Exclusion_Timeouts'!K:K,"Blocked")+COUNTIF('40_Audit_Logging_Reporting'!K:K,"Blocked")+COUNTIF('50_Fraud_Access_Control'!K:K,"Blocked")+COUNTIF('60_Compliance_E2E'!K:K,"Blocked") -> 0 | D27: Pass Rate | E27: =IFERROR(B25/E25,0) -> 0
D28: Fail Rate | E28: =IFERROR(B26/E25,0) -> 0

Sheet 10_KYC_Account_Verification
A1: Update the Status and Notes columns during execution. Summary KPIs and counts refresh automatically.
A2: TC_ID | B2: Module | C2: Scenario | D2: Preconditions | E2: Steps | F2: Test Data | G2: Expected Result | H2: Priority | I2: Type | J2: Automation Candidate | K2: Status | L2: Notes
A3: KYC-001 | B3: KYC & Account Verification | C3: Verified player status is shown after successful document review | D3: Player submitted valid documents | E3: 1. Review player profile after approval | F3: approved KYC case | G3: Player status shows verified and dependent features become available | H3: Critical | I3: Positive | J3: Later | K3: Not Run | L3: Verification success
A4: KYC-002 | B4: KYC & Account Verification | C4: Deposit may be allowed but withdrawal remains blocked until full verification | D4: Player is partially verified | E4: 1. Deposit funds 2. Attempt withdrawal | F4: partially verified player | G4: System enforces staged verification rules correctly | H4: Critical | I4: Security | J4: Later | K4: Not Run | L4: Staged verification
A5: KYC-003 | B5: KYC & Account Verification | C5: Expired identity document triggers reverification requirement | D5: Player document expiry condition exists | E5: 1. Open profile 2. Attempt restricted action | F5: expired document account | G5: System requests updated verification before restricted action continues | H5: High | I5: Negative | J5: Later | K5: Not Run | L5: Expiry handling
A6: KYC-004 | B6: KYC & Account Verification | C6: Mismatched identity details are flagged for manual review | D6: Conflicting identity data exists | E6: 1. Submit conflicting profile data | F6: DOB or name mismatch | G6: System routes case to manual review and blocks full verification | H6: High | I6: Security | J6: Later | K6: Not Run | L6: Mismatch detection
A7: KYC-005 | B7: KYC & Account Verification | C7: Authorized compliance user can review verification evidence while player cannot access admin details | D7: Compliance role and player role available | E7: 1. Open KYC case as compliance user 2. Open profile as player | F7: same KYC case / two roles | G7: Admin evidence is visible only to compliance role and hidden from player view | H7: High | I7: Security | J7: Later | K7: Not Run | L7: Role-based case access

Sheet 20_Responsible_Gaming_Limits
A1: Update the Status and Notes columns during execution. Summary KPIs and counts refresh automatically.
A2: TC_ID | B2: Module | C2: Scenario | D2: Preconditions | E2: Steps | F2: Test Data | G2: Expected Result | H2: Priority | I2: Type | J2: Automation Candidate | K2: Status | L2: Notes
A3: RGL-001 | B3: Responsible Gaming Limits | C3: Daily deposit limit prevents deposits above remaining allowance | D3: Player has configured daily limit | E3: 1. Reach part of daily limit 2. Attempt deposit above remaining amount | F3: daily deposit limit case | G3: System blocks transaction and shows remaining allowance message | H3: Critical | I3: Negative | J3: Later | K3: Not Run | L3: Deposit limit
A4: RGL-002 | B4: Responsible Gaming Limits | C4: Weekly loss limit blocks new wagering after threshold reached | D4: Player reaches weekly loss threshold | E4: 1. Simulate losses to threshold 2. Attempt new bet | F4: weekly loss limit case | G4: Further wagering is blocked until policy allows | H4: Critical | I4: Negative | J4: Later | K4: Not Run | L4: Loss limit
A5: RGL-003 | B5: Responsible Gaming Limits | C5: Cooling-off increase to limits is not effective until configured delay expires | D5: Player requests limit increase | E5: 1. Submit higher limit request 2. Review effective date | F5: limit increase request | G5: System enforces delayed effectiveness for increased risk limits | H5: High | I5: Regression | J5: Later | K5: Not Run | L5: Delay policy
A6: RGL-004 | B6: Responsible Gaming Limits | C6: Limit decrease becomes effective immediately | D6: Player requests lower limit | E6: 1. Decrease limit 2. Attempt affected action | F6: limit decrease request | G6: Lower limit is applied immediately to protect player | H6: High | I6: Positive | J6: Later | K6: Not Run | L6: Immediate decrease
A7: RGL-005 | B7: Responsible Gaming Limits | C7: Player dashboard shows active responsible-gaming limits clearly | D7: Player has multiple active limits | E7: 1. Open dashboard 2. Review limits panel | F7: player with active limits | G7: Dashboard displays current limits and next eligibility changes clearly | H7: Medium | I7: Usability | J7: Later | K7: Not Run | L7: Transparency
A8: RGL-006 | B8: Responsible Gaming Limits | C8: Operator cannot bypass responsible-gaming enforcement without auditable privileged process | D8: Support or admin user exists | E8: 1. Attempt manual override 2. Review audit | F8: operator override attempt | G8: System blocks bypass or records privileged override with full audit per policy | H8: Critical | I8: Security | J8: Later | K8: Not Run | L8: Override control

Sheet 30_Self_Exclusion_Timeouts
A1: Update the Status and Notes columns during execution. Summary KPIs and counts refresh automatically.
A2: TC_ID | B2: Module | C2: Scenario | D2: Preconditions | E2: Steps | F2: Test Data | G2: Expected Result | H2: Priority | I2: Type | J2: Automation Candidate | K2: Status | L2: Notes
A3: SEL-001 | B3: Self-Exclusion & Timeouts | C3: Immediate self-exclusion logs player out and blocks new login | D3: Player is logged in | E3: 1. Activate self-exclusion 2. Attempt continue play or relogin | F3: self-exclusion request | G3: Session ends and future access is blocked according to policy | H3: Critical | I3: Positive | J3: Later | K3: Not Run | L3: Immediate exclusion
A4: SEL-002 | B4: Self-Exclusion & Timeouts | C4: Time-out period prevents wagering until expiration | D4: Player activates short time-out | E4: 1. Activate time-out 2. Attempt deposit or bet | F4: time-out request | G4: Restricted actions remain blocked until configured end time | H4: Critical | I4: Negative | J4: Later | K4: Not Run | L4: Timeout enforcement
A5: SEL-003 | B5: Self-Exclusion & Timeouts | C5: Self-excluded player cannot be reactivated before policy end date through standard support flow | D5: Self-excluded account exists | E5: 1. Attempt standard reactivation before end date | F5: premature reactivation request | G5: System denies reactivation before allowed date | H5: Critical | I5: Security | J5: Later | K5: Not Run | L5: Reactivation control
A6: SEL-004 | B6: Self-Exclusion & Timeouts | C6: Previously self-excluded player regains access only after compliant review and policy completion | D6: Policy end date reached and review complete | E6: 1. Complete reactivation process 2. Attempt login | F6: completed reactivation case | G6: Access is restored only after all required checks are complete | H6: High | I6: Regression | J6: Later | K6: Not Run | L6: Controlled reactivation
A7: SEL-005 | B7: Self-Exclusion & Timeouts | C7: Self-exclusion event is visible in compliance history and audit trail | D7: Self-exclusion case exists | E7: 1. Review player compliance history 2. Review audit log | F7: existing self-exclusion case | G7: History and audit trail contain accurate timestamps and actor/source | H7: High | I7: Integration | J7: Later | K7: Not Run | L7: Event traceability

Sheet 40_Audit_Logging_Reporting
A1: Update the Status and Notes columns during execution. Summary KPIs and counts refresh automatically.
A2: TC_ID | B2: Module | C2: Scenario | D2: Preconditions | E2: Steps | F2: Test Data | G2: Expected Result | H2: Priority | I2: Type | J2: Automation Candidate | K2: Status | L2: Notes
A3: AUD-001 | B3: Audit Logging & Reporting | C3: Deposit, withdrawal, and bet events create audit entries with actor, time, and reference | D3: Sample player activity exists | E3: 1. Perform transactions 2. Review audit logs | F3: mixed activity dataset | G3: Audit contains each event with sufficient traceability fields | H3: Critical | I3: Integration | J3: Later | K3: Not Run | L3: Transaction traceability
A4: AUD-002 | B4: Audit Logging & Reporting | C4: Sensitive changes to player limits record before/after values | D4: Player limit change action available | E4: 1. Change responsible-gaming limit 2. Review audit | F4: limit change action | G4: Audit shows old value, new value, actor, and timestamp | H4: High | I4: Security | J4: Later | K4: Not Run | L4: Change audit
A5: AUD-003 | B5: Audit Logging & Reporting | C5: Compliance report totals match underlying event data for selected period | D5: Reporting job available | E5: 1. Run report 2. Compare totals to sample data | F5: sample period with known counts | G5: Report counts and amounts match underlying auditable events | H5: High | I5: Regression | J5: Later | K5: Not Run | L5: Report consistency
A6: AUD-004 | B6: Audit Logging & Reporting | C6: Unauthorized user cannot access audit log endpoint or report export | D6: Player or low-privilege token exists | E6: 1. Call audit endpoint with unauthorized token | F6: unauthorized token | G6: Access is denied and no sensitive report data is returned | H6: Critical | I6: Negative | J6: Yes | K6: Not Run | L6: Audit endpoint security
A7: AUD-005 | B7: Audit Logging & Reporting | C7: Report export includes only requested date range and jurisdiction filter | D7: Reporting filters available | E7: 1. Export report with filters 2. Review dataset | F7: date range + jurisdiction filters | G7: Exported data matches chosen filter scope without leakage | H7: High | I7: Positive | J7: Later | K7: Not Run | L7: Filter correctness

Sheet 50_Fraud_Access_Control
A1: Update the Status and Notes columns during execution. Summary KPIs and counts refresh automatically.
A2: TC_ID | B2: Module | C2: Scenario | D2: Preconditions | E2: Steps | F2: Test Data | G2: Expected Result | H2: Priority | I2: Type | J2: Automation Candidate | K2: Status | L2: Notes
A3: FRA-001 | B3: Fraud Alerts & Access Control | C3: Rapid repeated deposits trigger risk alert according to configured rules | D3: Fraud rules are enabled | E3: 1. Perform repeated high-risk pattern 2. Review alerts | F3: rapid deposit pattern | G3: System creates risk alert and marks account for review per rule | H3: High | I3: Integration | J3: Later | K3: Not Run | L3: Risk rule trigger
A4: FRA-002 | B4: Fraud Alerts & Access Control | C4: Velocity rule blocks suspicious withdrawal attempt | D4: Account meets suspicious velocity criteria | E4: 1. Attempt withdrawal under triggered rule | F4: suspicious velocity case | G4: Withdrawal is blocked or held for review according to policy | H4: Critical | I4: Security | J4: Later | K4: Not Run | L4: Withdrawal risk hold
A5: FRA-003 | B5: Fraud Alerts & Access Control | C5: Compliance admin can review flagged case while support role sees limited details | D5: Multiple roles available | E5: 1. Open flagged case as compliance admin 2. Open as support | F5: flagged player case | G5: Sensitive fraud analysis is limited to authorized role | H5: High | I5: Security | J5: Later | K5: Not Run | L5: Case segregation
A6: FRA-004 | B6: Fraud Alerts & Access Control | C6: Direct API access to compliance case notes requires proper authorization | D6: Unauthorized token available | E6: 1. Call case-notes endpoint without permission | F6: unauthorized token | G6: System denies access and no case data is exposed | H6: Critical | I6: Negative | J6: Yes | K6: Not Run | L6: API authorization
A7: FRA-005 | B7: Fraud Alerts & Access Control | C7: Resolved risk alert records resolution reason and reviewer identity | D7: Risk case exists and is eligible for closure | E7: 1. Resolve case 2. Review history | F7: case resolution action | G7: Case history stores resolution reason, reviewer, and timestamp | H7: High | I7: Positive | J7: Later | K7: Not Run | L7: Resolution traceability

Sheet 60_Compliance_E2E
A1: Update the Status and Notes columns during execution. Summary KPIs and counts refresh automatically.
A2: TC_ID | B2: Module | C2: Scenario | D2: Preconditions | E2: Steps | F2: Test Data | G2: Expected Result | H2: Priority | I2: Type | J2: Automation Candidate | K2: Status | L2: Notes
A3: CMP-E2E-001 | B3: Compliance End-to-End | C3: Unverified player deposits then fails withdrawal until KYC approval end-to-end | D3: Partially verified player exists | E3: 1. Deposit 2. Attempt withdrawal 3. Complete KYC 4. Retry withdrawal | F3: partial verification case | G3: System enforces KYC dependency correctly across full journey | H3: Critical | I3: E2E | J3: Later | K3: Not Run | L3: KYC lifecycle
A4: CMP-E2E-002 | B4: Compliance End-to-End | C4: Player reaches responsible-gaming deposit limit and is blocked end-to-end | D4: Player with configured limit exists | E4: 1. Deposit up to limit 2. Attempt additional deposit | F4: limit threshold case | G4: Additional deposit is blocked and compliance event is recorded end-to-end | H4: Critical | I4: E2E | J4: Later | K4: Not Run | L4: Limit lifecycle
A5: CMP-E2E-003 | B5: Compliance End-to-End | C5: Self-exclusion request immediately blocks access and creates audit trail end-to-end | D5: Logged-in player exists | E5: 1. Trigger self-exclusion 2. Attempt relogin 3. Review audit | F5: self-exclusion case | G5: Access is blocked and audit/history reflect action end-to-end | H5: Critical | I5: E2E | J5: Later | K5: Not Run | L5: Self-exclusion lifecycle
A6: CMP-E2E-004 | B6: Compliance End-to-End | C6: Triggered fraud alert to analyst review to resolution is traceable end-to-end | D6: Fraud rules and compliance role exist | E6: 1. Trigger alert 2. Open case 3. Resolve case | F6: fraud alert case | G6: Alert lifecycle remains visible and traceable across systems end-to-end | H6: Critical | I6: E2E | J6: Later | K6: Not Run | L6: Alert handling lifecycle
